Workbook

Sheet TOPSIS_Template
A1: TOPSIS | P1: Xpert A | Q1: RSP1 | R1: RSP2 | S1: RSP3 | T1: RSP4 | U1: RSP5
P2: Solution1 | Q2: 4 | R2: 4 | S2: 2 | T2: 3 | U2: 5
P3: Solution2 | Q3: 4 | R3: 5 | S3: 2 | T3: 3 | U3: 3
A4: 输入区 Input | I4: Weighted sum | J4: =SUM(B7:F7) -> 1 | K4: STATE | L4: =IF(ABS(J4-1)<0.000001,"OK","ERROR: must = 1") -> OK | P4: Solution3 | Q4: 5 | R4: 3 | S4: 5 | T4: 2 | U4: 2
I5: OPTIMAL SOLUTION | J5: =IFERROR(INDEX($A$10:$A$12,MATCH(MAX($L$10:$L$12),$L$10:$L$12,0)),"") -> SOLUTION B | K5: Highest Proximity | L5: =IFERROR(MAX($L$10:$L$12),"") -> 0.51477835
A6: SOLUTION/CRITERIA | B6: C1 | C6: C2 | D6: C3 | E6: C4 | F6: C5 | P6: Xpert B | Q6: RSP1 | R6: RSP2 | S6: RSP3 | T6: RSP4 | U6: RSP5
A7: Weight | B7: 0.19 | C7: 0.165 | D7: 0.24 | E7: 0.19 | F7: 0.215 | I7: 结果输出 Output | P7: Solution1 | Q7: 3 | R7: 4 | S7: 2 | T7: 3 | U7: 5
A8: Type | B8: Benefit | C8: Benefit | D8: Benefit | E8: Benefit | F8: Benefit | P8: Solution2 | Q8: 4 | R8: 5 | S8: 3 | T8: 4 | U8: 4
I9: SOLUTION | J9: D+ | K9: D- | L9: Closeness | M9: Rank | P9: Solution3 | Q9: 3 | R9: 3 | S9: 5 | T9: 2 | U9: 2
A10: SOLUTION A | B10: 3.2 | C10: 4 | D10: 2 | E10: 3 | F10: 4.6 | I10: =A10 -> SOLUTION A | J10: =Calc!K6 -> 0.11535366 | K10: =Calc!L6 -> 0.09387913 | L10: =Calc!M6 -> 0.44868268 | M10: =Calc!N6 -> 3
A11: SOLUTION B | B11: 4 | C11: 4.4 | D11: 2.8 | E11: 3.8 | F11: 3.4 | I11: =A11 -> SOLUTION B | J11: =Calc!K7 -> 0.086182813 | K11: =Calc!L7 -> 0.091432538 | L11: =Calc!M7 -> 0.51477835 | M11: =Calc!N7 -> 1 | P11: Xpert C | Q11: RSP1 | R11: RSP2 | S11: RSP3 | T11: RSP4 | U11: RSP5
A12: SOLUTION C | B12: 3.6 | C12: 2.8 | D12: 4.6 | E12: 2.2 | F12: 2.2 | I12: =A12 -> SOLUTION C | J12: =Calc!K8 -> 0.11007902 | K12: =Calc!L8 -> 0.10930059 | L12: =Calc!M8 -> 0.49822584 | M12: =Calc!N8 -> 2 | P12: Solution1 | Q12: 3 | R12: 4 | S12: 2 | T12: 3 | U12: 4
P13: Solution2 | Q13: 4 | R13: 4 | S13: 3 | T13: 4 | U13: 3
P14: Solution3 | Q14: 3 | R14: 3 | S14: 5 | T14: 2 | U14: 2
P16: Xpert D | Q16: RSP1 | R16: RSP2 | S16: RSP3 | T16: RSP4 | U16: RSP5
P17: Solution1 | Q17: 3 | R17: 4 | S17: 2 | T17: 3 | U17: 5
P18: Solution2 | Q18: 4 | R18: 4 | S18: 3 | T18: 4 | U18: 4
P19: Solution3 | Q19: 3 | R19: 2 | S19: 4 | T19: 2 | U19: 2
P21: Xpert E | Q21: RSP1 | R21: RSP2 | S21: RSP3 | T21: RSP4 | U21: RSP5
P22: Solution1 | Q22: 3 | R22: 4 | S22: 2 | T22: 3 | U22: 4
P23: Solution2 | Q23: 4 | R23: 4 | S23: 3 | T23: 4 | U23: 3
P24: Solution3 | Q24: 4 | R24: 3 | S24: 4 | T24: 3 | U24: 3

Sheet Instructions
A1: 使用说明
A3: 1 | B3: 只修改 TOPSIS_Template 工作表中的黄色单元格。
A4: 2 | B4: Weight 行填写各指标权重，所有权重加总必须等于 1。
A5: 3 | B5: Type 行只能填写 Benefit（越大越好）或 Cost（越小越好）。
A6: 4 | B6: 评分建议使用同一量表，例如 1-9 分。
A7: 5 | B7: 右侧 Output 区会自动生成 D+、D-、贴近度和排名。贴近度越大越好。
A8: 6 | B8: 本模板固定为 5 个指标、3 个方案。若需改方案数或指标数，再单独调整公式。
A9: 7 | B9: 如需给论文附录展示计算过程，可取消隐藏 Calc 工作表。

Sheet Calc
A1: Internal calculation sheet
B2: =TOPSIS_Template!B6 -> C1 | C2: =TOPSIS_Template!C6 -> C2 | D2: =TOPSIS_Template!D6 -> C3 | E2: =TOPSIS_Template!E6 -> C4 | F2: =TOPSIS_Template!F6 -> C5
A3: Weight | B3: =TOPSIS_Template!B7 -> 0.19 | C3: =TOPSIS_Template!C7 -> 0.165 | D3: =TOPSIS_Template!D7 -> 0.24 | E3: =TOPSIS_Template!E7 -> 0.19 | F3: =TOPSIS_Template!F7 -> 0.215
A4: Type | B4: =TOPSIS_Template!B8 -> Benefit | C4: =TOPSIS_Template!C8 -> Benefit | D4: =TOPSIS_Template!D8 -> Benefit | E4: =TOPSIS_Template!E8 -> Benefit | F4: =TOPSIS_Template!F8 -> Benefit
J5: Alternative | K5: D+ | L5: D- | M5: Closeness | N5: Rank
A6: =TOPSIS_Template!A10 -> SOLUTION A | B6: =TOPSIS_Template!B10 -> 3.2 | C6: =TOPSIS_Template!C10 -> 4 | D6: =TOPSIS_Template!D10 -> 2 | E6: =TOPSIS_Template!E10 -> 3 | F6: =TOPSIS_Template!F10 -> 4.6 | J6: =A6 -> SOLUTION A | K6: =IF(COUNTA($B6:$F6)=0,"",SQRT((B22-$B$30)^2+(C22-$C$30)^2+(D22-$D$30)^2+(E22-$E$30)^2+(F22-$F$30)^2)) -> 0.11535366 | L6: =IF(COUNTA($B6:$F6)=0,"",SQRT((B22-$B$31)^2+(C22-$C$31)^2+(D22-$D$31)^2+(E22-$E$31)^2+(F22-$F$31)^2)) -> 0.09387913 | M6: =IF(OR(K6="",L6=""),"",L6/(K6+L6)) -> 0.44868268 | N6: =IF(M6="","",RANK(M6,$M$6:$M$8,0)) -> 3
A7: =TOPSIS_Template!A11 -> SOLUTION B | B7: =TOPSIS_Template!B11 -> 4 | C7: =TOPSIS_Template!C11 -> 4.4 | D7: =TOPSIS_Template!D11 -> 2.8 | E7: =TOPSIS_Template!E11 -> 3.8 | F7: =TOPSIS_Template!F11 -> 3.4 | J7: =A7 -> SOLUTION B | K7: =IF(COUNTA($B7:$F7)=0,"",SQRT((B23-$B$30)^2+(C23-$C$30)^2+(D23-$D$30)^2+(E23-$E$30)^2+(F23-$F$30)^2)) -> 0.086182813 | L7: =IF(COUNTA($B7:$F7)=0,"",SQRT((B23-$B$31)^2+(C23-$C$31)^2+(D23-$D$31)^2+(E23-$E$31)^2+(F23-$F$31)^2)) -> 0.091432538 | M7: =IF(OR(K7="",L7=""),"",L7/(K7+L7)) -> 0.51477835 | N7: =IF(M7="","",RANK(M7,$M$6:$M$8,0)) -> 1
A8: =TOPSIS_Template!A12 -> SOLUTION C | B8: =TOPSIS_Template!B12 -> 3.6 | C8: =TOPSIS_Template!C12 -> 2.8 | D8: =TOPSIS_Template!D12 -> 4.6 | E8: =TOPSIS_Template!E12 -> 2.2 | F8: =TOPSIS_Template!F12 -> 2.2 | J8: =A8 -> SOLUTION C | K8: =IF(COUNTA($B8:$F8)=0,"",SQRT((B24-$B$30)^2+(C24-$C$30)^2+(D24-$D$30)^2+(E24-$E$30)^2+(F24-$F$30)^2)) -> 0.11007902 | L8: =IF(COUNTA($B8:$F8)=0,"",SQRT((B24-$B$31)^2+(C24-$C$31)^2+(D24-$D$31)^2+(E24-$E$31)^2+(F24-$F$31)^2)) -> 0.10930059 | M8: =IF(OR(K8="",L8=""),"",L8/(K8+L8)) -> 0.49822584 | N8: =IF(M8="","",RANK(M8,$M$6:$M$8,0)) -> 2
A13: Normalized | B13: =B2 -> C1 | C13: =C2 -> C2 | D13: =D2 -> C3 | E13: =E2 -> C4 | F13: =F2 -> C5
A14: =A6 -> SOLUTION A | B14: =IF(COUNTA($B6:$F6)=0,"",IFERROR(B6/SQRT(SUMSQ(B$6:B$8)),"")) -> 0.51110125 | C14: =IF(COUNTA($B6:$F6)=0,"",IFERROR(C6/SQRT(SUMSQ(C$6:C$8)),"")) -> 0.60858062 | D14: =IF(COUNTA($B6:$F6)=0,"",IFERROR(D6/SQRT(SUMSQ(D$6:D$8)),"")) -> 0.34815531 | E14: =IF(COUNTA($B6:$F6)=0,"",IFERROR(E6/SQRT(SUMSQ(E$6:E$8)),"")) -> 0.56413306 | F14: =IF(COUNTA($B6:$F6)=0,"",IFERROR(F6/SQRT(SUMSQ(F$6:F$8)),"")) -> 0.75057663
A15: =A7 -> SOLUTION B | B15: =IF(COUNTA($B7:$F7)=0,"",IFERROR(B7/SQRT(SUMSQ(B$6:B$8)),"")) -> 0.63887656 | C15: =IF(COUNTA($B7:$F7)=0,"",IFERROR(C7/SQRT(SUMSQ(C$6:C$8)),"")) -> 0.66943868 | D15: =IF(COUNTA($B7:$F7)=0,"",IFERROR(D7/SQRT(SUMSQ(D$6:D$8)),"")) -> 0.48741744 | E15: =IF(COUNTA($B7:$F7)=0,"",IFERROR(E7/SQRT(SUMSQ(E$6:E$8)),"")) -> 0.71456854 | F15: =IF(COUNTA($B7:$F7)=0,"",IFERROR(F7/SQRT(SUMSQ(F$6:F$8)),"")) -> 0.55477403
A16: =A8 -> SOLUTION C | B16: =IF(COUNTA($B8:$F8)=0,"",IFERROR(B8/SQRT(SUMSQ(B$6:B$8)),"")) -> 0.57498891 | C16: =IF(COUNTA($B8:$F8)=0,"",IFERROR(C8/SQRT(SUMSQ(C$6:C$8)),"")) -> 0.42600643 | D16: =IF(COUNTA($B8:$F8)=0,"",IFERROR(D8/SQRT(SUMSQ(D$6:D$8)),"")) -> 0.80075722 | E16: =IF(COUNTA($B8:$F8)=0,"",IFERROR(E8/SQRT(SUMSQ(E$6:E$8)),"")) -> 0.41369758 | F16: =IF(COUNTA($B8:$F8)=0,"",IFERROR(F8/SQRT(SUMSQ(F$6:F$8)),"")) -> 0.35897143
A21: Weighted | B21: =B2 -> C1 | C21: =C2 -> C2 | D21: =D2 -> C3 | E21: =E2 -> C4 | F21: =F2 -> C5
A22: =A6 -> SOLUTION A | B22: =IF(B14="","",B14*B$3) -> 0.097109238 | C22: =IF(C14="","",C14*C$3) -> 0.1004158 | D22: =IF(D14="","",D14*D$3) -> 0.083557275 | E22: =IF(E14="","",E14*E$3) -> 0.10718528 | F22: =IF(F14="","",F14*F$3) -> 0.16137398
A23: =A7 -> SOLUTION B | B23: =IF(B15="","",B15*B$3) -> 0.12138655 | C23: =IF(C15="","",C15*C$3) -> 0.11045738 | D23: =IF(D15="","",D15*D$3) -> 0.11698018 | E23: =IF(E15="","",E15*E$3) -> 0.13576802 | F23: =IF(F15="","",F15*F$3) -> 0.11927642
A24: =A8 -> SOLUTION C | B24: =IF(B16="","",B16*B$3) -> 0.10924789 | C24: =IF(C16="","",C16*C$3) -> 0.070291062 | D24: =IF(D16="","",D16*D$3) -> 0.19218173 | E24: =IF(E16="","",E16*E$3) -> 0.07860254 | F24: =IF(F16="","",F16*F$3) -> 0.077178858
A29: Ideal | B29: =B2 -> C1 | C29: =C2 -> C2 | D29: =D2 -> C3 | E29: =E2 -> C4 | F29: =F2 -> C5
A30: Positive Ideal | B30: =IF(B$4="Benefit",MAX(B$22:B$24),MIN(B$22:B$24)) -> 0.12138655 | C30: =IF(C$4="Benefit",MAX(C$22:C$24),MIN(C$22:C$24)) -> 0.11045738 | D30: =IF(D$4="Benefit",MAX(D$22:D$24),MIN(D$22:D$24)) -> 0.19218173 | E30: =IF(E$4="Benefit",MAX(E$22:E$24),MIN(E$22:E$24)) -> 0.13576802 | F30: =IF(F$4="Benefit",MAX(F$22:F$24),MIN(F$22:F$24)) -> 0.16137398
A31: Negative Ideal | B31: =IF(B$4="Benefit",MIN(B$22:B$24),MAX(B$22:B$24)) -> 0.097109238 | C31: =IF(C$4="Benefit",MIN(C$22:C$24),MAX(C$22:C$24)) -> 0.070291062 | D31: =IF(D$4="Benefit",MIN(D$22:D$24),MAX(D$22:D$24)) -> 0.083557275 | E31: =IF(E$4="Benefit",MIN(E$22:E$24),MAX(E$22:E$24)) -> 0.07860254 | F31: =IF(F$4="Benefit",MIN(F$22:F$24),MAX(F$22:F$24)) -> 0.077178858
